golden_company_id,golden_contact_id,SOURCE_ID
id_fcbaab110d,id_168dbf20d9,id_168dbf20d9
id_e630f83104,id_d8efe907eb,id_d8efe907eb
id_e630f83104,id_0658bd23f2,id_0658bd23f2
id_e630f83104,id_db05e7869e,id_db05e7869e
id_e630f83104,id_8272114579,id_8272114579
id_e630f83104,id_c9ce99536a,id_c9ce99536a
id_e630f83104,id_1b7eba77c1,id_1b7eba77c1
id_081b3e46b9,id_04610c7b73,id_04610c7b73
id_dc34106d53,id_8096131df3,id_8096131df3
id_dc34106d53,id_c543134e76,id_c543134e76
id_fcbaab110d,id_9a14700d40,id_9a14700d40
id_56ca840046,id_2a7ebd1d45,id_2a7ebd1d45
id_56ca840046,id_70a1b67e74,id_70a1b67e74
id_56ca840046,id_a44ad144ec,id_a44ad144ec
id_56ca840046,id_45bbca40e3,id_45bbca40e3
id_56ca840046,id_9d600a3ee9,id_9d600a3ee9
id_f2c18767ac,id_43965a4c15,id_43965a4c15
id_632bd86cd1,id_948959e5a7,id_948959e5a7
id_632bd86cd1,id_97f40fcc9e,id_97f40fcc9e
id_632bd86cd1,id_eb5fc527eb,id_eb5fc527eb
id_4ee0288f0c,id_f46eba54e2,id_f46eba54e2
id_16553edf70,id_7c82efacd5,id_7c82efacd5
id_fcbaab110d,id_92186b7265,id_92186b7265
id_1d679693c2,id_1b785edaeb,id_1b785edaeb
id_1d679693c2,id_03d908deee,id_03d908deee
id_1d679693c2,id_ea20252a51,id_ea20252a51
id_1d679693c2,id_c7eb8838e1,id_c7eb8838e1
id_789d9bbac9,id_5a444e4787,id_5a444e4787
id_e7e5f5bdb3,id_4528e85a06,id_4528e85a06
id_081b3e46b9,id_aa6852349e,id_aa6852349e
id_fcbaab110d,id_726d42401c,id_726d42401c
id_081b3e46b9,id_f46d39a161,id_f46d39a161
id_76c3e747d0,id_1de2db70c3,id_1de2db70c3
id_76c3e747d0,id_e7ee80d735,id_e7ee80d735
id_76c3e747d0,id_6246fa4739,id_6246fa4739
id_76c3e747d0,id_185ab871c2,id_185ab871c2
id_76c3e747d0,id_e9df2161a4,id_e9df2161a4
id_76c3e747d0,id_51cef990ff,id_51cef990ff
id_76c3e747d0,id_766d0b62e7,id_766d0b62e7
id_76c3e747d0,id_f748261d59,id_f748261d59
id_76c3e747d0,id_a2442e39c4,id_a2442e39c4
id_dc34106d53,id_390a3140e8,id_390a3140e8
id_544d011932,id_fafe271f90,id_fafe271f90
id_dc34106d53,id_f4826e9c2f,id_f4826e9c2f
id_081b3e46b9,id_7c76352a34,id_7c76352a34
id_544d011932,id_15dfae0bcc,id_15dfae0bcc
id_544d011932,id_cd9d7c5115,id_cd9d7c5115
id_544d011932,id_4fddbd513d,id_4fddbd513d
id_544d011932,id_a1537d8e3c,id_a1537d8e3c
id_544d011932,id_d330ee6244,id_d330ee6244
id_544d011932,id_4e5af5e153,id_4e5af5e153
id_544d011932,id_f9ea9e1fb2,id_f9ea9e1fb2
id_544d011932,id_e47021f02d,id_e47021f02d
id_544d011932,id_7e8c08517e,id_7e8c08517e
id_544d011932,id_4b4acfd730,id_4b4acfd730
id_544d011932,id_3864ef3b80,id_3864ef3b80
id_544d011932,id_e9c7407767,id_e9c7407767
id_544d011932,id_263e23b33d,id_263e23b33d
id_544d011932,id_a756833354,id_a756833354
id_544d011932,id_d23448c1c6,id_d23448c1c6
id_544d011932,id_6beede1b4b,id_6beede1b4b
id_544d011932,id_a27bb7c23d,id_a27bb7c23d
id_544d011932,id_7cecfed455,id_7cecfed455
id_544d011932,id_2fb9bc53fb,id_2fb9bc53fb
id_544d011932,id_229384215f,id_229384215f
id_544d011932,id_4e1373119e,id_4e1373119e
id_544d011932,id_e135ff9fed,id_e135ff9fed
id_544d011932,id_9bd5304dce,id_9bd5304dce
id_544d011932,id_081e0e8874,id_081e0e8874
id_544d011932,id_1df68a3361,id_1df68a3361
id_544d011932,id_9a77f372c4,id_9a77f372c4
id_544d011932,id_2579b2b59c,id_2579b2b59c
id_544d011932,id_643e1359b6,id_643e1359b6
id_544d011932,id_5f7ccb6e97,id_5f7ccb6e97
id_544d011932,id_376cbb6163,id_376cbb6163
id_544d011932,id_c59f2a3215,id_c59f2a3215
id_544d011932,id_6a9cda2d0e,id_6a9cda2d0e
id_544d011932,id_9c580badbf,id_9c580badbf
id_544d011932,id_8f2b305f9a,id_8f2b305f9a
id_544d011932,id_934fec1cda,id_934fec1cda
id_544d011932,id_8edba4714d,id_8edba4714d
id_544d011932,id_5a8be45e45,id_5a8be45e45
id_544d011932,id_cba4e04f50,id_cba4e04f50
id_544d011932,id_ee9a380ff9,id_ee9a380ff9
id_544d011932,id_b1a96e5628,id_b1a96e5628
id_544d011932,id_df3ebdaa37,id_df3ebdaa37
id_544d011932,id_6cbbb65ebb,id_6cbbb65ebb
id_544d011932,id_4915d17b3a,id_4915d17b3a
id_544d011932,id_7d16a63a65,id_7d16a63a65
id_544d011932,id_773cd796bb,id_773cd796bb
id_544d011932,id_24cc322502,id_24cc322502
id_544d011932,id_c796f0f101,id_c796f0f101
id_544d011932,id_80a6a179c3,id_80a6a179c3
id_544d011932,id_d2bd2831d5,id_d2bd2831d5
id_544d011932,id_5f118aa991,id_5f118aa991
id_544d011932,id_5eb5caf51a,id_5eb5caf51a
id_544d011932,id_dad91cefb8,id_dad91cefb8
id_544d011932,id_9eac43459e,id_9eac43459e
id_544d011932,id_5ade7cf538,id_5ade7cf538
id_544d011932,id_22f29acde3,id_22f29acde3
id_544d011932,id_0ef4fd21ee,id_0ef4fd21ee
id_544d011932,id_e31dd727c6,id_e31dd727c6
id_544d011932,id_c1474b7a7d,id_c1474b7a7d
id_544d011932,id_41b44fc71e,id_41b44fc71e
id_544d011932,id_60d44fbbcd,id_60d44fbbcd
id_544d011932,id_c707af596f,id_c707af596f
id_544d011932,id_be056f7dc5,id_be056f7dc5
id_544d011932,id_9d3511dc12,id_9d3511dc12
id_544d011932,id_fcd3ad2592,id_fcd3ad2592
id_544d011932,id_48d66e00ed,id_48d66e00ed
id_544d011932,id_2ed0291402,id_2ed0291402
id_544d011932,id_36f094d2c2,id_36f094d2c2
id_544d011932,id_ad214fdeef,id_ad214fdeef
id_544d011932,id_af27abd49e,id_af27abd49e
id_544d011932,id_c2093730eb,id_c2093730eb
id_544d011932,id_0271fab8d5,id_0271fab8d5
id_544d011932,id_db58ec6797,id_db58ec6797
id_544d011932,id_1eda19a20d,id_1eda19a20d
id_544d011932,id_17ec6dd0a8,id_17ec6dd0a8
id_544d011932,id_343f3e95e9,id_343f3e95e9
id_544d011932,id_f0e3fe8932,id_f0e3fe8932
id_544d011932,id_9153aa9f3f,id_9153aa9f3f
id_544d011932,id_26ac3ebc31,id_26ac3ebc31
id_544d011932,id_7ab4d2b999,id_7ab4d2b999
id_544d011932,id_a7a4dd418c,id_a7a4dd418c
id_544d011932,id_beb50227d6,id_beb50227d6
id_544d011932,id_d3b3ac6756,id_d3b3ac6756
id_544d011932,id_24ee9b437a,id_24ee9b437a
id_544d011932,id_94908d322c,id_94908d322c
id_544d011932,id_fb96621194,id_fb96621194
id_544d011932,id_01281105f8,id_01281105f8
id_544d011932,id_a5532bb86b,id_a5532bb86b
id_544d011932,id_f565344220,id_f565344220
id_544d011932,id_1aad0da22b,id_1aad0da22b
id_544d011932,id_dca39e197e,id_dca39e197e
id_544d011932,id_fd695122af,id_fd695122af
id_544d011932,id_a53228c1de,id_a53228c1de
id_544d011932,id_18e9e3f29a,id_18e9e3f29a
id_544d011932,id_2a806e6694,id_2a806e6694
id_544d011932,id_b925490d73,id_b925490d73
id_544d011932,id_b28f0be552,id_b28f0be552
id_544d011932,id_de840cc58c,id_de840cc58c
id_544d011932,id_ac59d126ed,id_ac59d126ed
id_544d011932,id_7c7bd0c66e,id_7c7bd0c66e
id_544d011932,id_abbe3679f3,id_abbe3679f3
id_544d011932,id_8633a037cc,id_8633a037cc
id_544d011932,id_9df5843cd0,id_9df5843cd0
id_544d011932,id_b48f609944,id_b48f609944
id_544d011932,id_a9c3c1579c,id_a9c3c1579c
id_544d011932,id_3375a4b1ff,id_3375a4b1ff
id_544d011932,id_e122eae630,id_e122eae630
id_544d011932,id_588590851a,id_588590851a
id_544d011932,id_460d6d53ae,id_460d6d53ae
id_544d011932,id_8f75363fc1,id_8f75363fc1
id_544d011932,id_dc7cf6f9bd,id_dc7cf6f9bd
id_544d011932,id_6ae841273d,id_6ae841273d
id_544d011932,id_8bd9492c14,id_8bd9492c14
id_544d011932,id_f86598f471,id_f86598f471
id_544d011932,id_bc8813c7c8,id_bc8813c7c8
id_544d011932,id_805c5f7c17,id_805c5f7c17
id_544d011932,id_86753b8af3,id_86753b8af3
id_544d011932,id_f2956f3566,id_f2956f3566
id_544d011932,id_a4075ceaa4,id_a4075ceaa4
id_544d011932,id_53a7d1139e,id_53a7d1139e
id_544d011932,id_480add5df6,id_480add5df6
id_544d011932,id_07f0aa4af2,id_07f0aa4af2
id_544d011932,id_76eae1b74c,id_76eae1b74c
id_544d011932,id_5ba75d1f46,id_5ba75d1f46
id_544d011932,id_3944b566b7,id_3944b566b7
id_544d011932,id_2fa476f291,id_2fa476f291
id_544d011932,id_aa50240d5c,id_aa50240d5c
id_544d011932,id_6948c5bc8a,id_6948c5bc8a
id_544d011932,id_d91f63f842,id_d91f63f842
id_544d011932,id_b12ea8115c,id_b12ea8115c
id_544d011932,id_8eace5b201,id_8eace5b201
id_544d011932,id_dd80378f89,id_dd80378f89
id_544d011932,id_a2cf494410,id_a2cf494410
id_544d011932,id_bfca311eb4,id_bfca311eb4
id_544d011932,id_acb7a2c59f,id_acb7a2c59f
id_544d011932,id_70668530cf,id_70668530cf
id_544d011932,id_dd1cf8e3a2,id_dd1cf8e3a2
id_544d011932,id_295765918f,id_295765918f
id_544d011932,id_fcc7247bf6,id_fcc7247bf6
id_544d011932,id_441674ebc3,id_441674ebc3
id_544d011932,id_e75c7f2457,id_e75c7f2457
id_544d011932,id_7b9b0f32f7,id_7b9b0f32f7
id_544d011932,id_bc916aed57,id_bc916aed57
id_544d011932,id_6c063aa12e,id_6c063aa12e
id_544d011932,id_3504dd23e9,id_3504dd23e9
id_c0aecaa928,id_b98eb1e63a,id_b98eb1e63a
id_c2b0768553,id_7d4cfe8dc6,id_7d4cfe8dc6
id_f58c5a679a,id_9cf9d5632c,id_9cf9d5632c
id_f58c5a679a,id_561e7269ee,id_561e7269ee
id_265d79626d,id_583a0e34fe,id_583a0e34fe
id_265d79626d,id_54b7482ed2,id_54b7482ed2
id_44e49fd07c,id_737d082608,id_737d082608
id_fcbaab110d,id_156a96c89a,id_156a96c89a
id_63e318cd87,id_58614b04b2,id_58614b04b2
id_63e318cd87,id_f266087a03,id_f266087a03
id_63e318cd87,id_fbbb81fbf8,id_fbbb81fbf8
id_63e318cd87,id_e0051fa830,id_e0051fa830
id_7b0b6ecfc5,id_d09857b7c1,id_d09857b7c1
id_7b0b6ecfc5,id_6302a0a954,id_6302a0a954
id_544d011932,id_877ef3d7d8,id_877ef3d7d8
id_544d011932,id_e4ea672948,id_e4ea672948
id_544d011932,id_90dd643b8d,id_90dd643b8d
id_544d011932,id_79d8e1ff2d,id_79d8e1ff2d
id_544d011932,id_09446120eb,id_09446120eb
id_265d79626d,id_0c261810c0,id_0c261810c0
id_dc34106d53,id_73e6b46943,id_73e6b46943
id_081b3e46b9,id_7a7bfc3409,id_7a7bfc3409
id_920c056c4a,id_fd88888455,id_fd88888455
id_081b3e46b9,id_042c9ae141,id_042c9ae141
id_42cefd3815,id_76bf79125f,id_76bf79125f
id_42cefd3815,id_3b39870f46,id_3b39870f46
id_42cefd3815,id_295570b53a,id_295570b53a
id_56ca840046,id_cc18f24463,id_cc18f24463
id_dc34106d53,id_80859ab498,id_80859ab498
id_76c3e747d0,id_c7381f3da0,id_c7381f3da0
id_76c3e747d0,id_6953ac4849,id_6953ac4849
id_fcbaab110d,id_dec51e19b0,id_dec51e19b0
id_76c3e747d0,id_518d609d2d,id_518d609d2d
